ID,Name
1,Terri White DDS
2,Marcus Lee
3,Natalie Farmer
4,Brian Owens
5,Stephen Duffy
6,Elizabeth Andrews
7,Francisco Howell
8,Sabrina Johnson
9,Scott Murphy
10,Victor Simmons
11,Brian Peters
12,Anthony Reilly
13,Miguel Jensen
14,Marc Neal
15,Darlene Barnes
16,Barbara Huber
17,Kari Wilson
18,Hannah Cervantes
19,Heidi Cunningham
20,Emily Harris
21,Andrea Matthews
22,Lynn Young
23,Maurice Gray
24,Dr. Melissa Murphy
25,Terry Curtis
26,Natasha Lynn
27,Donald Cole
28,Crystal Dalton
29,Meghan Perez
30,Anna Woods
31,Calvin Fuentes
32,Jennifer Burch
33,Chris Rice
34,Ronald Douglas
35,John Rivera
36,George Liu
37,Nicole Thomas
38,William Grant
39,Tony Jones
40,Kevin Thompson
41,Matthew Gray
42,Lisa Preston
43,Gregory Lowery
44,Debra Mitchell
45,Amanda Carrillo
46,Stephen Taylor
47,Denise Harvey
48,Jeffrey Alvarez
49,Jacob Morales
50,Darren Martinez
51,Hannah Wheeler
52,Jeffrey Carrillo
53,Michael Smith
54,Emily George MD
55,Deanna Irwin
56,Michelle Wade
57,John Randolph
58,Mr. John Hall II
59,Nathaniel Luna
60,Daniel Goodwin
61,Patrick Hensley
62,Diane Reyes
63,Chris Sanders
64,Sharon Fisher
65,Linda Williams
66,Charles Thomas
67,Dana Harris
68,Scott Smith
69,Amy Andrews
70,Donald Paul
71,Edwin Ramirez
72,Eric Martinez
73,William Greer
74,Robert Brooks
75,Cindy Williams
76,Mr. Daniel Boyer
77,Kimberly Turner
78,Daniel Perez
79,Michael Clark
80,John Smith
81,Matthew Mitchell
82,Raven Holden
83,Timothy Lewis III
84,James Bryant
85,Patrick Olson
86,Kevin Hull
87,Susan Allen
88,Melissa Butler
89,Andrew Shannon
90,Tamara Smith
91,Robert Hopkins
92,Tracy Arnold
93,Paige Hendricks
94,Gabrielle Swanson
95,Virginia Robbins
96,Mrs. Shannon Johnson DVM
97,Hannah Smith
98,Lee Kim
99,Katelyn Franklin
100,Jeremiah Miller
101,Taylor Lester
102,Morgan Ortiz
103,Rachel Bryant
104,Corey Lopez
105,Jon Fischer
106,Crystal Hall
107,Martin Nelson
108,Adrian Cain
109,Denise Jones
110,Bradley Bolton
111,Pam Gonzalez DVM
112,Tony Watson
113,Candace Ford
114,Ryan Rogers
115,Kristen Ayala
116,Debbie Fitzgerald
117,Samantha Scott
118,Henry Brown
119,Jose Bailey
120,Samantha Mckay
121,Wesley Brown
122,Ryan Johnson
123,Christy Smith
124,Caitlyn Clark
125,Amanda Haynes
126,Cheryl Perry
127,Jeffrey Sherman
128,Diana Hampton
129,Derek Pearson DDS
130,Ashley Saunders
131,Eduardo Smith
132,Kim Lewis
133,Jimmy Wilkins
134,Craig Terry
135,Lauren Anderson
136,Gregory Crawford
137,Eric Herrera
138,Megan Mathews
139,Teresa Allen
140,Jeffrey Alexander
141,David Kane
142,Shane Swanson
143,Steven Cole
144,Jessica Brown
145,James Carey
146,Justin Freeman
147,Ricky Nguyen
148,Misty Carlson
149,Tracy Cooper
150,Joshua Pineda
151,Joseph Mccullough
152,Natalie English
153,Dustin Curtis
154,Tracie Griffith
155,Mason Gibbs
156,William Byrd
157,Brandon Levy
158,Brittany Jones
159,Mr. Robert Shepherd
160,Wesley Flores
161,Dwayne White
162,Mark Douglas
163,Eric Smith
164,Michael Cordova
165,Anna Moore
166,Ryan Murphy
167,Sharon Nguyen
168,Margaret Adams
169,Margaret Johnson
170,Edward Gray
171,Colleen Rivera
172,Ronald Moreno
173,Anthony Jennings
174,Amanda Gill
175,Connie Rivera
176,Kaitlin Morgan
177,Michael Burns
178,Nicole Tucker
179,Craig Walker
180,Mary Dean
181,Scott Sanders
182,Taylor Shepard
183,Lawrence Jones
184,Dawn Bauer
185,Rachel Davis
186,Michael Dickerson
187,Peggy Guerrero
188,Joseph Gross
189,Jeffery Nelson
190,Mark Villanueva MD
191,Alison Pearson
192,Karen Roberson
193,Mary Cohen MD
194,Mackenzie Brock
195,Christine Pacheco
196,Jennifer Williams
197,Sergio Santiago
198,Cynthia Chavez
199,Stephanie Ramos
200,Kathy Howell
201,Colleen Conner
202,Michelle Murphy
203,Amanda Miller
204,Jackie Martinez
205,Brandon Lloyd
206,Christopher Johnson
207,Jillian Macdonald
208,Todd Johnson
209,Sarah Walker PhD
210,William Garcia
211,Timothy Cook
212,Edward Cole
213,Samuel Clark
214,Daniel Brennan
215,Denise Murphy
216,Eric Smith
217,Brian Espinoza
218,Rebecca White
219,Michelle Parsons
220,John Williams
221,Raymond Foster
222,Sarah Rowe
223,Kimberly Russell
224,Cynthia Raymond
225,Katie Richmond
226,David Shannon
227,James Wood
228,Kyle Duke
229,David Martinez
230,James Nolan
231,Albert Rogers
232,Anita Weber
233,Jasmine Hardin
234,Dustin Shaw
235,Mr. Ronald Martin
236,Frank Herman
237,James Alvarado
238,Bryce Orozco
239,Stephen Bonilla
240,Dawn Rivera
241,Kathleen Taylor
242,Brandon Robles
243,Kristen Kennedy
244,Sharon Long
245,Sarah Moore
246,Ethan Ruiz
247,Julie Sherman
248,Deanna Rose
249,Jessica Santos
250,Jessica Robinson
251,Daniel Kaufman
252,Scott Vance
253,Bonnie Cook
254,Ricky Meadows
255,Kelly Garcia
256,Steven Cox
257,Christopher Blackwell
258,Angela Moses
259,Courtney Sosa
260,Megan Bryant
261,Amanda Lee
262,Michael Fry
263,Krista Harris
264,Daisy Schmidt
265,Randall Clayton
266,Ryan Davis MD
267,Edwin Douglas
268,Alexander Singh
269,Abigail Wolf
270,Denise Johnson
271,Kelsey Holmes
272,Kendra Kirby
273,Kelly Foster
274,Douglas Bruce
275,Adam Hicks
276,Christopher Harris
277,Karen Olson
278,Timothy Brown
279,Thomas Ray
280,Gregory Moore
281,Jessica Hale
282,Robert Murray
283,Sarah Lee
284,Nicholas Burgess
285,Sherri Kirby
286,Omar Glenn
287,Walter Melton
288,Amy Murphy
289,Rachel Glover
290,Brianna Miller
291,Natalie Smith
292,Jason Fletcher
293,Brian Adams
294,Jason Ball
295,Sheila Jackson
296,Preston Lynch
297,Kevin Floyd
298,Matthew Wood
299,Jessica Rose
300,Cassandra Webb
301,James Payne
302,Jorge Harrison
303,Jenna Rodriguez
304,Robert Gray
305,Vanessa Sanchez
306,William Molina
307,Devin Tucker
308,Kristina Campbell
309,Bryan Harris
310,Theresa Martin
311,Kayla Perez
312,Tony Harris
313,Theresa Graham
314,Calvin Ibarra
315,Russell Cox
316,Kyle Martinez
317,Dr. Diane Buckley
318,Brandon Anderson
319,Mary Goodwin
320,Eric Hamilton
321,Rebecca Chang
322,William Mendez
323,Alexandria White
324,Matthew Taylor
325,Jaclyn Kim
326,Adam Thomas
327,Shane Huff
328,Jason Mcclure
329,Logan Hoover
330,Thomas Ortiz
331,Alicia Payne
332,Leon Huynh
333,Tina Simmons
334,Stephanie Frederick
335,Kristin Aguilar
336,Amber Chambers
337,Beth Jackson
338,Jordan Mcguire
339,Scott Warner
340,Bryan Shelton
341,Jose Lee MD
342,Laura Wilson
343,Teresa Walsh
344,Martin Sheppard
345,Jennifer Rivera
346,Kathy Castro
347,Kevin Rhodes
348,Rebecca Collins
349,Derrick Simmons
350,Amy Garcia
351,Tyrone Green
352,Sharon Huffman
353,Jane Kelly
354,Kenneth Burns
355,Jennifer Blackwell
356,Katherine Downs
357,Adam Doyle
358,Christopher Williams
359,Christopher Estrada
360,Luis Jones
361,Carrie Trujillo
362,Crystal Jensen
363,Kyle Morgan
364,Natalie Barnes
365,Danielle Davis
366,Amanda Sanchez
367,Eric Goodman
368,William Guzman
369,Denise Thomas
370,Connor Hale
371,Angel Chaney
372,Madison Taylor
373,Sheila Reed
374,Eileen Armstrong
375,Andrea Smith
376,Ronald Fox
377,Kaylee Stone
378,John Nunez
379,Mary Montoya
380,Adam Jones
381,Alice Herrera
382,Bryan Brown
383,Benjamin Villanueva
384,Charles Thomas
385,Kevin Payne
386,Lisa Anderson
387,Ryan Williams
388,David Andrews
389,David Snow
390,Patricia Oneill
391,Whitney Gibbs
392,Melissa Moyer
393,Monica Smith
394,John Miller
395,Douglas Nelson
396,Dillon Harris
397,Christopher Suarez
398,Linda Howell
399,Jennifer Zuniga
400,Maria Martinez MD
401,John Frederick
402,Christopher Mason
403,Jennifer Brown
404,Alexander Johnson
405,Ashlee West
406,Jessica Monroe
407,Heather Hall
408,Peter Jackson
409,Catherine Lopez
410,Jennifer Elliott
411,Lauren Mcdowell
412,Melanie Huffman
413,Heather Pitts
414,Laura Mata
415,Joseph Davis
416,David Bell
417,Gregory Mooney
418,Brandi Orozco
419,Alexander Guzman Jr.
420,Lauren Lawson
421,Damon Conway
422,Robert Solomon
423,Patrick Miller
424,William Neal
425,Paul Moreno
426,Breanna Carter
427,Catherine Sparks
428,Abigail Wright
429,Johnny Johnson
430,Jasmine Harris
431,Brian Avery
432,Kelly Reynolds
433,Michael Fletcher
434,Dana Maddox
435,David Franco
436,Jennifer Jackson
437,Michael Larson
438,John Keith
439,Charles Harrison
440,Christina Mccall
441,Antonio Clark
442,Jacob York
443,Michael Moss
444,Gary Martin
445,Justin Jones
446,Shelly Rojas
447,Linda Brown
448,Jared Watkins
449,Robin Moreno
450,Dustin Hess
451,Kristin Jones
452,Ryan Williamson
453,Matthew Macdonald
454,Joseph Brooks
455,Kevin Zimmerman
456,Erika Mccoy MD
457,Kristen Green
458,Nicholas Jacobs
459,Amy Knapp
460,Samuel Vasquez
461,Daniel Boyd
462,Jonathan Green
463,Katie Jones
464,William Smith
465,Nicholas Turner
466,Leslie Gutierrez
467,Angela Freeman
468,Nicholas Hall
469,Natalie Jones
470,James Barnett
471,Courtney Neal
472,Carolyn Sherman
473,Anna Reynolds
474,Teresa Fox
475,Anthony Edwards
476,Chase Carpenter
477,Daniel Rivera
478,Jessica Thomas
479,Amber Smith
480,Jack Baker
481,Samantha Hancock
482,Terry Sanchez
483,Jeffrey Norris DDS
484,Jessica Peterson
485,Cynthia Nelson
486,David Dennis
487,Stephanie Diaz
488,Timothy Phillips
489,Mr. Charles Hoffman
490,Michael Campbell
491,John Lawrence
492,Michelle Morales
493,William Cowan
494,Dr. Peter Peterson DVM
495,Albert Wheeler
496,Felicia Pierce
497,Cynthia Watson
498,Jennifer Rivera
499,Leah Bailey
500,John Mcpherson
